{
  "model_name": "Qwen/Qwen3-TTS-12Hz-1.7B-CustomVoice",
  "speaker": "ryan",
  "device": "cuda",
  "stub": false,
  "sample_rate": 24000,
  "decode_tok_per_s": {
    "samples": [
      429.76469849933034,
      429.76178028945327,
      429.67658066910997,
      429.7018920037301,
      429.73082759012567
    ],
    "mean": 429.7271558103499,
    "stdev": 0.03411127336275982,
    "min": 429.67658066910997,
    "max": 429.76469849933034
  },
  "ttfc_ms": {
    "samples": [
      35.382419,
      35.485009,
      35.501659,
      35.28608,
      35.393339
    ],
    "mean": 35.40970119999999,
    "stdev": 0.07800223437415063,
    "min": 35.28608,
    "max": 35.501659
  },
  "rtf": {
    "samples": [
      0.05582628340050633,
      0.05581064882846931,
      0.055804336327014425,
      0.055823025584800234,
      0.05578491640676475
    ],
    "mean": 0.05580984210951101,
    "stdev": 1.4807938168877758e-05,
    "min": 0.05578491640676475,
    "max": 0.05582628340050633
  },
  "audio_duration_ms_per_run": [
    5120.0,
    5120.0,
    5120.0,
    5120.0,
    5120.0
  ],
  "decode_wall_ms_per_run": [
    285.8305710105924,
    285.7505220017629,
    285.71820199431386,
    285.8138909941772,
    285.6187720026355
  ],
  "notes": []
}