{
  "model_name": "Qwen/Qwen3-TTS-12Hz-1.7B-CustomVoice",
  "speaker": "ryan",
  "device": "cuda",
  "stub": false,
  "sample_rate": 24000,
  "decode_tok_per_s": {
    "samples": [],
    "mean": 0.0,
    "stdev": 0.0,
    "min": 0.0,
    "max": 0.0
  },
  "ttfc_ms": {
    "samples": [
      56.256915,
      56.510365,
      56.256355
    ],
    "mean": 56.34121166666667,
    "stdev": 0.11960968754894252,
    "min": 56.256355,
    "max": 56.510365
  },
  "rtf": {
    "samples": [
      0.3194017062497778,
      0.31976886035067764,
      0.3195577351561951
    ],
    "mean": 0.3195761005855502,
    "stdev": 0.00015045154302617783,
    "min": 0.3194017062497778,
    "max": 0.31976886035067764
  },
  "audio_duration_ms_per_run": [
    5120.0,
    5120.0,
    5120.0
  ],
  "decode_wall_ms_per_run": [
    1635.3367359988624,
    1637.2165649954695,
    1636.135603999719
  ],
  "notes": []
}