{
  "model_name": "Qwen/Qwen3-TTS-12Hz-1.7B-CustomVoice",
  "speaker": "ryan",
  "device": "cuda",
  "stub": false,
  "sample_rate": 24000,
  "decode_tok_per_s": {
    "samples": [
      437.0924522456968,
      437.06354642158976,
      437.0543850934821,
      436.9951398009771,
      436.9723798821502
    ],
    "mean": 437.0355806887792,
    "stdev": 0.04472106706882029,
    "min": 436.9723798821502,
    "max": 437.0924522456968
  },
  "ttfc_ms": {
    "samples": [
      21.338954,
      21.305028,
      21.26113,
      21.438646,
      21.360272
    ],
    "mean": 21.340806,
    "stdev": 0.05930151923854804,
    "min": 21.26113,
    "max": 21.438646
  },
  "rtf": {
    "samples": [
      0.05048608144591071,
      0.05052557831959348,
      0.0504980556627288,
      0.05048927480402199,
      0.050462267969919594
    ],
    "mean": 0.050492251640434915,
    "stdev": 2.0446552626752943e-05,
    "min": 0.050462267969919594,
    "max": 0.05052557831959348
  },
  "audio_duration_ms_per_run": [
    5120.0,
    5120.0,
    5120.0,
    5120.0,
    5120.0
  ],
  "decode_wall_ms_per_run": [
    258.48873700306285,
    258.6909609963186,
    258.55004499317147,
    258.5050869965926,
    258.3668120059883
  ],
  "notes": []
}