{
  "model_name": "Qwen/Qwen3-TTS-12Hz-1.7B-CustomVoice",
  "speaker": "ryan",
  "device": "cuda",
  "stub": false,
  "sample_rate": 24000,
  "decode_tok_per_s": {
    "samples": [
      436.72139154574745,
      436.79137995655026,
      436.76674127184145,
      436.69735762737605,
      436.81728459502125
    ],
    "mean": 436.75883099930724,
    "stdev": 0.04408972220487718,
    "min": 436.69735762737605,
    "max": 436.81728459502125
  },
  "ttfc_ms": {
    "samples": [
      13.073756,
      13.003495,
      13.067658,
      13.29116,
      13.057751
    ],
    "mean": 13.098764,
    "stdev": 0.09936543930965142,
    "min": 13.003495,
    "max": 13.29116
  },
  "rtf": {
    "samples": [
      0.04886959335976826,
      0.04885230507909455,
      0.04884205156088228,
      0.04888657871049418,
      0.04882964628905029
    ],
    "mean": 0.04885603499985791,
    "stdev": 2.0112485254015545e-05,
    "min": 0.04882964628905029,
    "max": 0.04888657871049418
  },
  "audio_duration_ms_per_run": [
    5120.0,
    5120.0,
    5120.0,
    5120.0,
    5120.0
  ],
  "decode_wall_ms_per_run": [
    250.2123180020135,
    250.1238020049641,
    250.0713039917173,
    250.2992829977302,
    250.00778899993747
  ],
  "notes": []
}